{"anger": 0.0036329147149842676, "fear": 0.6680818506883955, "sadness": 0.15221734306071524, "happy": 0.17606789153590507}